,count,mean,std,min,25%,50%,75%,max
risk,10000.0,8.3718077105,7.393221580060986,0.002058,3.3461675,6.625831,11.20600375,60.655328
volatility,10000.0,31.171960000000002,26.685748879837114,0.01,14.8125,25.564999999999998,40.675,314.4
